subreddit,count,mean,std,min,25%,50%,75%,max
cryptocurrency,100.0,0.009064999999999997,0.30144719368540834,-0.8286,-0.1027,0.0,0.00645,0.7925
stocks,100.0,0.11221199999999999,0.29540156414103447,-0.765,0.0,0.0,0.30155,0.7906
wallstreetbets,100.0,0.08676400000000001,0.32668189343609155,-0.6486,0.0,0.0,0.2732,0.9062
